{
    "avg_latency": 66.24140281967509,
    "latencies": [
        64.43042263097595,
        67.4159904900007,
        66.8777953380486
    ],
    "percentiles": {
        "10": 64.91989717239048,
        "25": 65.65410898451228,
        "50": 66.8777953380486,
        "75": 67.14689291402465,
        "90": 67.30835145961028,
        "99": 67.40522658696165
    }
}