{
  "status": "ok",
  "num_requests": 49,
  "total_output_tokens": 4915,
  "total_time_s": 2446.5847716713324,
  "output_tps": 2.008922828634473,
  "mean_ttft_ms": 49930.08618460902,
  "p50_ttft_ms": 56346.14998498,
  "p95_ttft_ms": 71295.23860802874,
  "p99_ttft_ms": 72856.73978400882,
  "mean_e2e_s": 49.930301462680255,
  "p50_e2e_s": 56.34640818007756,
  "p95_e2e_s": 71.29546257399488,
  "p99_e2e_s": 72.85697016003542,
  "mean_output_tokens": 100.3061224489796
}