{
    "avg_latency": 72.96591418100677,
    "latencies": [
        72.18184274598025,
        74.01634531700984,
        72.6995544800302
    ],
    "percentiles": {
        "10": 72.28538509279024,
        "25": 72.44069861300522,
        "50": 72.6995544800302,
        "75": 73.35794989852002,
        "90": 73.75298714961392,
        "99": 73.99000950027025
    }
}