{
    "avg_latency": 63.794789608645566,
    "latencies": [
        64.2802721200278,
        64.45778927893844,
        62.64630742697045
    ],
    "percentiles": {
        "10": 62.97310036558192,
        "25": 63.46328977349913,
        "50": 64.2802721200278,
        "75": 64.36903069948312,
        "90": 64.4222858471563,
        "99": 64.45423893576022
    }
}