{
    "avg_latency": 61.249176749649145,
    "latencies": [
        58.045012123999186,
        60.29596299899276,
        65.40655512595549
    ],
    "percentiles": {
        "10": 58.4952022989979,
        "25": 59.170487561495975,
        "50": 60.29596299899276,
        "75": 62.85125906247413,
        "90": 64.38443670056294,
        "99": 65.30434328341624
    }
}