{
    "avg_latency": 62.7970735700413,
    "latencies": [
        60.01094838802237,
        64.58284527307842,
        63.7974270490231
    ],
    "percentiles": {
        "10": 60.76824412022252,
        "25": 61.904187718522735,
        "50": 63.7974270490231,
        "75": 64.19013616105076,
        "90": 64.42576162826735,
        "99": 64.56713690859732
    }
}