{
  "config_id": 2,
  "label": "C2_eagle3_vanilla",
  "description": "EAGLE-3 Vanilla (K=3)",
  "status": "ok",
  "repetitions": 1,
  "output_tps": 2.008922828634473,
  "mean_ttft_ms": 49930.08618460902,
  "mean_e2e_s": 49.930301462680255,
  "total_output_tokens": 4915.0,
  "total_time_s": 2446.5847716713324,
  "p50_ttft_ms": 56346.14998498,
  "p95_ttft_ms": 71295.23860802874,
  "p50_e2e_s": 56.34640818007756,
  "p95_e2e_s": 71.29546257399488,
  "acceptance_length": 1.2147239263803682,
  "acceptance_rate": 0.4049079754601227,
  "spec_decode_metrics": {
    "drafts": 2282.0,
    "draft_tokens": 6846.0,
    "accepted_tokens": 2772.0
  }
}