{
  "status": "ok",
  "num_requests": 49,
  "total_output_tokens": 4931,
  "total_time_s": 2325.627822640934,
  "output_tps": 2.120287671137534,
  "mean_ttft_ms": 47461.57381085593,
  "p50_ttft_ms": 53167.16732108034,
  "p95_ttft_ms": 72692.0346589759,
  "p99_ttft_ms": 77748.09988494962,
  "mean_e2e_s": 47.46179229879457,
  "p50_e2e_s": 53.1674303150503,
  "p95_e2e_s": 72.69226347003132,
  "p99_e2e_s": 77.74832613999024,
  "mean_output_tokens": 100.63265306122449
}