{
  "config_id": 4,
  "label": "C4_specmoe_sdd",
  "description": "+ SDD (early termination)",
  "status": "ok",
  "repetitions": 1,
  "output_tps": 2.120287671137534,
  "mean_ttft_ms": 47461.57381085593,
  "mean_e2e_s": 47.46179229879457,
  "total_output_tokens": 4931.0,
  "total_time_s": 2325.627822640934,
  "p50_ttft_ms": 53167.16732108034,
  "p95_ttft_ms": 72692.0346589759,
  "p50_e2e_s": 53.1674303150503,
  "p95_e2e_s": 72.69226347003132,
  "acceptance_length": 1.2087336244541484,
  "acceptance_rate": 0.4029112081513828,
  "spec_decode_metrics": {
    "drafts": 2290.0,
    "draft_tokens": 6870.0,
    "accepted_tokens": 2768.0
  }
}