{
  "status": "ok",
  "num_requests": 49,
  "total_output_tokens": 4955,
  "total_time_s": 2492.177248682012,
  "output_tps": 1.9882213444571217,
  "mean_ttft_ms": 50860.531579254064,
  "p50_ttft_ms": 61096.737482002936,
  "p95_ttft_ms": 67448.16691800952,
  "p99_ttft_ms": 69027.12670201436,
  "mean_e2e_s": 50.86076017718391,
  "p50_e2e_s": 61.09697569801938,
  "p95_e2e_s": 67.44838932005223,
  "p99_e2e_s": 69.02739703899715,
  "mean_output_tokens": 101.12244897959184
}