{
  "status": "ok",
  "num_requests": 49,
  "total_output_tokens": 4931,
  "total_time_s": 2325.6543764073867,
  "output_tps": 2.1202634621990937,
  "mean_ttft_ms": 47462.11395680677,
  "p50_ttft_ms": 53166.10231308732,
  "p95_ttft_ms": 72691.44429790322,
  "p99_ttft_ms": 77752.93381407391,
  "mean_e2e_s": 47.462334212395646,
  "p50_e2e_s": 53.16637333203107,
  "p95_e2e_s": 72.69167229800951,
  "p99_e2e_s": 77.75315833708737,
  "mean_output_tokens": 100.63265306122449
}