{
  "status": "ok",
  "num_requests": 49,
  "total_output_tokens": 4931,
  "total_time_s": 2325.6725710658357,
  "output_tps": 2.1202468745375302,
  "mean_ttft_ms": 47462.49144491787,
  "p50_ttft_ms": 53165.24153901264,
  "p95_ttft_ms": 72696.95400504861,
  "p99_ttft_ms": 77751.52225897182,
  "mean_e2e_s": 47.46270553195583,
  "p50_e2e_s": 53.16546470706817,
  "p95_e2e_s": 72.69717791094445,
  "p99_e2e_s": 77.7517448309809,
  "mean_output_tokens": 100.63265306122449
}